MaintenanceWorkOrderActivity,Date,WODescription,AssetDescription,ControlLoopID,FunctionalLocation,ISO14224FailureModeCode,WOOrderType,ActualCost,WorkHours
WO_20170522_SCE 02140_1,2017-05-22,A Clave HPN2 valve actuator loose,SCE 02140H HP N2 Feed to ACX1 Vlv,CL02140,SCE 02140,ERO,PM03,129,2
WO_20180719_SCE 02764_2,2018-07-19,H11 DNE Install j/bury valves w/ trial p,SCE 02764 ACX1 Bottom Disch Jbury Vlv,CL02764,SCE 02764,UNK,PM01,7901,0
WO_20181107_SCE 02764_3,2018-11-07,H14 JDI Flocontrol Jamesbury valves,SCE 02764 ACX1 Bottom Disch Jbury Vlv,CL02764,SCE 02764,UNK,PM01,1457,6
WO_20170410_SCE 02765_4,2017-04-10,remove / replace faulty sensor,SCE 02765 ACX1 Top Disch Jbury Vlv,CL02765,SCE 02765,UNK,PM03,577,1
WO_20170422_SCE 02765_5,2017-04-22,A clave top j/bury siezed,SCE 02765 ACX1 Top Disch Jbury Vlv,CL02765,SCE 02765,FTO,PM03,49,1
WO_20180322_SCE 02765_6,2018-03-22,Top jamesbury sensor U/S,SCE 02765 ACX1 Top Disch Jbury Vlv,CL02765,SCE 02765,UNK,PM03,133,1
WO_20180423_SCE 02766_7,2018-04-23,H11 SCE A Clave Steam C/V in Piperack,SCE 02766 ACX1 Temp Ctrl,CL02766,SCE 02766,UNK,PM01,7255,35
WO_20170120_SCE 02767_8,2017-01-20,H13 High level over ride I/C,SCE 02767 ACX1 Level Hi,CL02767,SCE 02767,FTI,PM03,13,0.5
WO_20170215_SCE 02767_9,2017-02-15,H13 Calibrate A clave radiation sw,SCE 02767 ACX1 Level Hi,CL02767,SCE 02767,AIR,PM03,1549,2
WO_20170510_SCE 02767_10,2017-05-10,H13 TAR Replace A Clave high level detec,SCE 02767 ACX1 Level Hi,CL02767,SCE 02767,UNK,PM01,7350,7.5
WO_20170810_SCE 02767_11,2017-08-10,E21 HAZ A Clave High Level false reading,SCE 02767 ACX1 Level Hi,CL02767,SCE 02767,AIR,PM03,187,2
WO_20180727_SCE 02767_12,2018-07-27,Haz-A Clave High Level Overide on,SCE 02767 ACX1 Level Hi,CL02767,SCE 02767,AIR,PM03,0,1
WO_20181031_SCE 02767_13,2018-10-31,A Clave Hi Level Alarm,SCE 02767 ACX1 Level Hi,CL02767,SCE 02767,AIR,PM03,6408,1
WO_20170703_SCE 02767_14,2017-07-03,H11 TAR Setup/calibrate A clave level sw,SCE 02767 ACX1 Level Hi,CL02767,SCE 02767 ,AIR,PM01,0,0
WO_20170420_SCE 02773_15,2017-04-20,H11 Drill out blocked tapping point,SCE 02773 ACX1 Press 1,CL02773,SCE 02773,PLU,PM03,1481,5.5
WO_20171227_SCE 02773_16,2017-12-27,Hazard PIO-2774 PTP Blocked,SCE 02773 ACX1 Press 1,CL02773,SCE 02773,PLU,PM03,109,0.5
WO_20180111_SCE 02773_17,2018-01-11,H16 TX-1 PIO 2773  PTP blocked,SCE 02773 ACX1 Press 1,CL02773,SCE 02773,PLU,PM03,0,0
WO_20170707_SCE 02774_18,2017-07-07,H11 *PO*HAZ PIO 2774 ptp Blocked,SCE 02774-1/-2/-3 Vent/Air/H2 Press Ctrl,CL02774,SCE 02774,PLU,PM03,1978,5
WO_20170922_SCE 02774_19,2017-09-22,ptp a clave pi02774 descrepancy,SCE 02774-1/-2/-3 Vent/Air/H2 Press Ctrl,CL02774,SCE 02774,AIR,PM03,447,2
WO_20171117_SCE 02774_20,2017-11-17,H11 HAZ Hydrogen Supply C/V passing,SCE 02774-1/-2/-3 Vent/Air/H2 Press Ctrl,CL02774,SCE 02774,INL,PM03,2099,1.5
WO_20181123_SCE 02774_21,2018-11-23,Manway gasket leaking,SCE 02774-1/-2/-3 Vent/Air/H2 Press Ctrl,CL02774,SCE 02774,INL,PM03,648,4
WO_20171017_SCE 02776_22,2017-10-17,M9 SCE TAR Replace unapp positioner I/P,SCE 02776 Leach Air to ACX1 Flow Ctrl,CL02776,SCE 02776,UNK,PM01,14656,23
WO_20180227_SCE 02777_23,2018-02-27,M9 JDI air vent jamesbury slow  to open,02777 Leach Air Vent,CL02777,SCE 02777,DOP,PM01,233,1
WO_20180407_SCE 02777_24,2018-04-07,A Clave Leach vent j'bury not closing,02777 Leach Air Vent,CL02777,SCE 02777,FTC,PM03,528,2
WO_20181220_SCE 02777_25,2018-12-20,air vent hammer blind service,02777 Leach Air Vent,CL02777,SCE 02777,UNK,PM03,203,2
WO_20170809_SCE 02777_26,2017-08-09,H11 Leach vent Jamesbury not operating,02777 Leach Air Vent,CL02777,SCE 02777 ,UNK,PM03,405,2
WO_20170922_SCE 02778_27,2017-09-22,h2 vent j/b passing,02778 H2 Vent Jamesbury Valve,CL02778,SCE 02778,INL,PM03,1652,4
WO_20180314_SCE 02778_28,2018-03-14,H11 a clave h2 vent j/bury passing,02778 H2 Vent Jamesbury Valve,CL02778,SCE 02778,INL,PM03,1414,2
WO_20180424_SCE 02778_29,2018-04-24,H11 H2 VENT JB PASSING BADLY,02778 H2 Vent Jamesbury Valve,CL02778,SCE 02778,INL,PM03,1422,2
WO_20180921_SCE 02778_30,2018-09-21,"""A"" Clave H2 Vent J/Bury Solinoid",02778 H2 Vent Jamesbury Valve,CL02778,SCE 02778,UNK,PM03,627,3
WO_20170803_SCE 02778_31,2017-08-03,H2 vent j/bury b/v passing,02778 H2 Vent Jamesbury Valve,CL02778,SCE 02778 ,INL,PM03,1294,2
WO_20170719_SCE 02800_32,2017-07-19,HAZ A CLAVE FEED VORTEX GASKET U/S,SCE 02800H ACX1 Feed Flow Ctrl,CL02800,SCE 02800,UNK,PM03,8392,4
WO_20170506_SCE 02800H_33,2017-05-06,HAZ A Clave feed line leak,SCE 02800H ACX1 Feed Flow Ctrl,CL02800H,SCE 02800H,INL,PM03,470,1.5
WO_20170428_SCE 02826H_34,2017-04-28,Feed jamesbury passing,SCE 02826H ACX1 Jbury Feed Vlv,CL02826H,SCE 02826H,INL,PM03,146,3
WO_20170111_SCE 02848H_35,2017-01-11,remove replace tell tale,02848 A-Clave Tell-Tale,CL02826H,SCE 02848H,UNK,PM03,2085,2
WO_20170228_SCE 02848H_36,2017-02-28,H11 replace passing telltale,02848 A-Clave Tell-Tale,CL02826H,SCE 02848H,INL,PM03,1986,1
WO_20170715_SCE 02848H_37,2017-07-15,telltale needs replaced,02848 A-Clave Tell-Tale,CL02826H,SCE 02848H,UNK,PM03,2159,2
WO_20170919_SCE 02848H_38,2017-09-19,Tell-tale leaking from stem,02848 A-Clave Tell-Tale,CL02826H,SCE 02848H,INL,PM03,2490,3
WO_20171031_SCE 02848H_39,2017-10-31,"HAZ ""AClave Tell-Tale Sensor Faulty",02848 A-Clave Tell-Tale,CL02826H,SCE 02848H,AIR,PM03,120,1
WO_20180530_SCE 02848H_40,2018-05-30,A clave telltale b/v u/s leaking,02848 A-Clave Tell-Tale,CL02826H,SCE 02848H,INL,PM03,2135,1
WO_20170702_SCE 02848H_41,2017-07-02,Tell Tale proximity fault,02848 A-Clave Tell-Tale,CL02826H,SCE 02848H,AIR,PM03,0,1
WO_20180928_SCE 02848H_42,2018-09-28,A clave telltale proxy switch u/s,02848 A-Clave Tell-Tale,CL02826H,SCE 02848H,UNK,PM03,187,1.5
WO_20170624_SCE 02848H_43,2017-06-24,H11 Gasket leaking east flange t/tale,02848 A-Clave Tell-Tale,CL02826H,SCE 02848H,INL,PM03,104,1.5
